<?xml version="1.0" encoding="utf-8"?>
<openerp>
		<data>
				<template id="delivery_lines" name="Delivery Data">
						<t t-set="th_style" t-value="'border-bottom: 1px solid #ddd !important;white-space:nowrap;'"/>
						<table t-if="o.state!='done'" class="table  table-condensed" t-attf-style="color:{{style.text_color}};" >
								<thead t-attf-style="background-color:{{style.theme_color  if not style.transparent else 'transparent'}}; page-break-inside: avoid; color:{{style.theme_txt_color  if not style.transparent else style.text_color}};">
										<tr t-attf-style="font-size:{{style.body_font+2}}px;page-break-inside: avoid !important; border-bottom: 1px solid {{style.text_color}} !important;">
												<th t-attf-style="{{th_style}}"><i class="fa fa-list-ol"/> Item</th>
												<th t-if="style.show_img" t-attf-style="{{th_style}}"><i class="fa fa-camera"/> Image</th>
												<th t-attf-style="{{th_style}}"><i class="fa fa-th-large"/> Product</th>
												<th class="text-right" t-attf-style="{{th_style}}"><i class="fa fa-pencil"/>Ordered Quantity</th>
										</tr>
								</thead>
								<tbody>
										<t t-foreach="o.move_lines" t-as="move">
												<tr t-attf-style="background-color:{{style.odd if (move_parity in 'odd' and not style.transparent) else (not style.transparent and style.even)  or 'transparent'}}; page-break-inside: avoid !important;">
														<td><span t-esc="move_index + 1"/></td>
														<td t-if="style.show_img"><span itemprop="image" t-field="move.product_id.image_small" t-options='{"widget": "image"}'/></td>
														<td>
																<span t-field="move.product_id"/>
														</td>
														<td class="text-right">
																<span t-field="move.product_uom_qty"/>
																<span t-field="move.product_uom"/>
														</td>
												</tr>
										</t>
								</tbody>
						</table>
						<t t-set="backorder" t-value="False"/>
						<table t-if="o.move_line_ids and o.state=='done'" class="table  table-condensed" t-attf-style="color:{{style.text_color}};" >
								<t t-set="has_serial_number" t-value="o.move_line_ids.mapped('lot_id')"/>
								<thead t-attf-style="background-color:{{style.theme_color if not style.transparent else 'transparent'}}; page-break-inside: avoid; color:{{style.theme_txt_color  if not style.transparent else style.text_color}};">
										<tr t-attf-style="font-size:{{style.body_font+2}}px;page-break-inside: avoid !important; border-bottom: 1px solid {{style.text_color}} !important;">
												<th t-attf-style="{{th_style}}"><i class="fa fa-list-ol"/> Item</th>
												<th t-if="style.show_img" t-attf-style="{{th_style}}"><i class="fa fa-camera"/> Image</th>
												<th t-attf-style="{{th_style}}"><i class="fa fa-th-large"/> Product</th>
												<th t-if="has_serial_number" t-attf-style="{{th_style}}"><i class="fa fa-tag"/> Lot/Serial No.</th>
												<th t-attf-style="{{th_style}}"><i class="fa fa-pencil"/> Ordered Quantity</th>
												<th class="text-right" t-if="any([move_line.state == 'done' for move_line in o.move_line_ids])" t-attf-style="{{th_style}}">
														<i class="fa fa-truck"/> Delivered Quantity
												</th>
										</tr>
								</thead>
								<tbody>
										<t t-foreach="o.move_line_ids" t-as="move_line">
												<tr t-attf-style="background-color:{{style.odd if (move_line_parity in 'odd' and not style.transparent) else (not style.transparent and style.even)  or 'transparent'}}; page-break-inside: avoid !important;">
														<td><span t-esc="move_line_index + 1"/></td>
														<td t-if="style.show_img">
																<span t-if="move_line.product_id" itemprop="image" t-field="move_line.product_id.image_small" t-options='{"widget": "image"}'/>
														</td>
														<td>
																<span t-field="move_line.product_id"/>
																<t t-if="o.picking_type_code == 'outgoing'"><br/><span t-field="move_line.product_id.description_pickingout"/></t>
														</td>
														<t t-if="has_serial_number"><!-- Start of serial number -->
																<td>
																		<table width="100%" t-attf-style="color:{{style.text_color}};">
																				<tr>
																						<td>
																								<span t-field="move_line.lot_id"/>
																								<t t-if="not move_line.lot_id">
																										<span t-field="move_line.lot_name"/>
																								</t>
																						</td>
																						<td name="lot_qty">
																								<t t-if="move_line.product_qty"> 
																										<span t-field="move_line.product_qty"/>
																								</t>
																						</td>
																				</tr>
																		</table>
																</td>
														</t> <!-- end of serial number -->

														<td class="text-center"><!--ordered qty -->
																<span t-field="move_line.package_id"/>
																<span t-if="move_line.package_id">:</span>
																<span t-esc="move_line.move_id.product_uom_qty + sum([y.product_uom_qty for y in [x.move_lines.filtered(lambda t: t.product_id.id == move_line.product_id.id) for x in o.backorder_ids]])"/>
																<span t-field="move_line.product_uom_id"/>
														</td>
														<td class="text-right" t-if="move_line.state == 'done'"><!--delivered qty -->
																<span t-field="move_line.qty_done"/>
																<span t-field="move_line.product_uom_id"/>
														</td>
												</tr>
										</t>
								</tbody>
						</table>
						<p t-if="o.backorder_id">
								This shipment is a backorder of <t t-esc="o.backorder_id.name"/>.
						</p>
						<p>
								<t t-if="o.backorder_ids and o.backorder_ids.filtered(lambda x: x.state not in ('done', 'cancel'))">
										All items couldn't be shipped, the remaining ones will be shipped as soon as they become available.
								</t>
						</p>
						<!--<div class="col-12" style="padding-left:0px; padding-right:0px; page-break-inside: avoid ! important;">
						<div class="col-6 float-left mt16 row">
							<p>
								<strong>Customer Signature:</strong><span t-esc="35*'.'"/>
							</p>
						</div>
						<div class="col-6 float-right mt16 row">
							<p class="text-right">
								<strong>Stamp:</strong><span t-esc="45*'.'"/>
							</p>
						</div>
					</div>-->
	</template>
</data>
</openerp>

