<?xml version="1.0" encoding="utf-8"?>
<openerp>
		<data>
				<template id="DN_7_document" name="Military Template">
						<!-- Multicompany -->
						<t t-if="o and 'company_id' in o">
								<t t-set="company" t-value="o.company_id"></t>
						</t>
						<t t-if="not o or not 'company_id' in o">
								<t t-set="company" t-value="res_company"></t>
						</t>
						<div class="header col-12" t-attf-style="padding-bottom:0px; padding-left:0px; padding-right:0px; color:{{style.text_color}} !important;font-size:{{style.header_font}}px !important;font-family:{{style.font_family}} !important;">
								<t t-if="style.header">
										<div class="col-12 float-left mb8 text-center" t-attf-style="border-bottom:2px dashed {{style.theme_color}}">
												<h2 t-attf-style="color:{{style.theme_color}}">
														<span class="fa fa-star" aria-hidden="true"/>  
														<span>DELIVERY NOTE </span>
														<span class="fa fa-star" aria-hidden="true"/>  
												</h2>
												<div class="col-1 float-left"/>
												<div  class="col-10 float-left">
														<t t-call="professional_templates.company_address"/>
														<div t-if="company.twitter or company.facebook or company.facebook" t-attf-style="display:inline-block; width:auto; padding-left:15px; padding-right:15px; padding-top:4px; padding-bottom:2px;" class="mb8">
																<span t-if="company.twitter" class="fa fa-twitter-square "/>&#160;<span t-field="company.twitter"/> &#160;
																<span t-if="company.facebook" class="fa fa-facebook-square "/>&#160;<span t-field="company.facebook"/> &#160; 
																<span t-if="company.youtube" class="fa fa-youtube-square "/>&#160;<span t-field="company.youtube"/> 
														</div>
												</div>
												<div class="col-1 float-right"/>
										</div>
								</t>
						</div> <!--end of Header-->
						<!-- START OF PAGE -->
						<div class="article page" t-attf-style="color:{{style.text_color}} !important;font-size:{{style.body_font}}px !important;font-family:{{style.font_family}} !important;">
								<div class="col-12" t-attf-style="white-space:pre-line;color:#{style.wm_color};left:#{style.leftpadding}mm; top:#{style.toppadding}mm;font-size:#{style.fontsize}px; opacity:#{style.opacity};z-index:-99; -webkit-transform:rotate(-#{style.rotate}deg);position:fixed;"><t t-esc="style.wm_eval(o, time, user, res_company)"/></div>
								<t t-set="div_class" t-value="'col-3'"></t>
								<div class="col-6 float-left mb8">
										<span t-attf-style="font-size:{{style.body_font+6}}px; font-weight:bold;">Customer Address:</span>
										<div t-if="o.move_lines and o.move_lines[0].partner_id" t-attf-style="color:{{style.cust_color}};font-size:{{style.body_font+6}}px;font-weight:500;"> 
												<t t-if="o.move_lines[0].partner_id.parent_id">
														<span t-field="o.move_lines[0].partner_id.parent_id"/>, <span t-if="o.move_lines[0].partner_id.title" t-field="o.move_lines[0].partner_id.title"/> <span t-field="o.move_lines[0].partner_id.name"/>
												</t>
												<t t-if="not o.move_lines[0].partner_id.parent_id">
														<span t-if="o.move_lines[0].partner_id.title" t-field="o.move_lines[0].partner_id.title"/> <span t-field="o.move_lines[0].partner_id"/>
												</t>
										</div>
										<div t-if="not (o.move_lines and o.move_lines[0].partner_id) and o.partner_id" t-attf-style="color:{{style.cust_color}};font-size:{{style.body_font+6}}px;font-weight:500;"> 
												<t t-if="o.partner_id.parent_id">
														<span t-field="o.partner_id.parent_id"/>, <span t-if="o.partner_id.title" t-field="o.partner_id.title"/> <span t-field="o.partner_id.name"/>
												</t>
												<t t-if="not o.partner_id.parent_id">
														<span t-if="o.partner_id.title" t-field="o.partner_id.title"/> <span t-field="o.partner_id"/>
												</t>
										</div>
										<address t-if="o.move_lines and o.move_lines[0].partner_id" t-field="o.partner_id" style="margin-bottom:0px;" t-field-options='{"widget": "contact", "fields":["address","phone","email","website"],"no_marker": false}'/>
										<address t-if="not (o.move_lines and o.move_lines[0].partner_id) and o.partner_id" t-field="o.partner_id" style="margin-bottom:0px;" t-field-options='{"widget": "contact", "fields":["address","phone","email","website"],"no_marker": false}'/>
								</div>
								<div t-attf-class="#{div_class} float-left  mt8">
										<ul> 
												<div t-if="o.name">
														<strong style="white-space:nowrap;">Delivery Note #</strong>
												</div>
												<div t-if="o.picking_type_id">
														<strong style="white-space:nowrap;">Origin:</strong>
												</div>
												<div t-if="o.scheduled_date">
														<strong style="white-space:nowrap;">Scheduled Date:</strong>
												</div>
												<div t-if="o.picking_type_id.code == 'outgoing' and o.carrier_id">
														<strong style="white-space:nowrap;">Carrier:</strong>
												</div>
												<div t-if="o.origin">
														<strong style="white-space:nowrap;">Source Document:</strong>
												</div>
												<div t-if="o.weight">
														<strong style="white-space:nowrap;">Weight:</strong>
												</div>
										</ul> 
								</div>
								<div t-attf-class="#{div_class} float-right text-right mt8">
										<ul> 
												<div t-if="o.name">
														<span t-field="o.name"/>
												</div>
												<div t-if="o.picking_type_id">
														<span t-field="o.picking_type_id"/>
												</div>
												<div t-if="o.scheduled_date">
														<span t-field="o.scheduled_date"/>
												</div>
												<div t-if="o.picking_type_id.code == 'outgoing' and o.carrier_id">
														<span t-field="o.carrier_id"/>
												</div>
												<div t-if="o.origin">
														<span t-field="o.origin"/>
												</div>
												<div t-if="o.weight">
														<span t-field="o.weight"/>
												</div>
										</ul> 
								</div>
								<!-- DATA-->
								<t t-call="professional_templates.delivery_lines"/>
								<!--/DATA-->
						</div><!--End of PAGE-->
						<!--FOOTER -->
						<div class="footer" t-attf-style="font-size:{{style.footer_font}}px !important;font-family:{{style.font_family}} !important;">
								<div class="col-12 float-right text-right" t-attf-style="color:{{style.theme_color}}">
										<h4>Thank You.</h4>
								</div>
								<t t-call="professional_templates.company_footer"/>
						</div>
						<!--/FOOTER-->
				</template>

		</data>
</openerp>
