<?xml version="1.0" encoding="utf-8"?>
<openerp>
		<data>
				<template id="SO_1_document" name="Modern Template">
						<!-- Multicompany -->
						<t t-if="doc and 'company_id' in doc">
								<t t-set="company" t-value="doc.sudo().company_id"></t>
						</t>
						<t t-if="not doc or not 'company_id' in doc">
								<t t-set="company" t-value="res_company"></t>
						</t>
						<div t-attf-style="padding-bottom:0px; padding-left:0px; padding-right:0px; color:{{style.text_color}} !important;font-size:{{style.header_font}}px !important;font-family:{{style.font_family}} !important;"  t-attf-class="col-12 float-left {{'header' if not portal else ''}}">
								<t t-if="style.header">
										<div class="col-7 float-left" style="padding-left:0px;">
												<span t-if="style.logo">
														<span itemprop="image" t-field="style.logo" t-options='{"widget": "image"}'/>
												</span>
												<span t-if="not style.logo and company.logo">
														<span itemprop="image" t-field="company.logo" t-options='{"widget": "image"}'/>
												</span>
												<span t-if="not style.logo and not company.logo">
														<span itemprop="image" t-field="company.logo" t-options='{"widget": "image"}'/>
												</span>
												<div t-if="company.twitter or company.facebook or company.facebook" t-attf-style="background-color:{{style.theme_color}}; width:auto; 
														float:left; padding-left:15px; color:{{style.theme_txt_color}}; 
														padding-right:15px; padding-top:2px; padding-bottom:2px;">
														<span t-if="company.twitter" style="padding-left:0px;" class="fa fa-twitter-square "/>&#160;<span t-field="company.twitter"/>
														<span t-if="company.facebook" style="padding-left:13px;" class="fa fa-facebook-square "/>&#160;<span t-field="company.facebook"/>
														<span t-if="company.youtube" style="padding-left:13px;" class="fa fa-youtube-square "/>&#160;<span t-field="company.youtube" />
												</div>
										</div>
										<div class="col-5 mb8 float-right" style="padding-bottom:2px;padding-right:0px;">
												<div class="float-right" style="width:auto;padding-left:15px;">
														<t t-call="professional_templates.company_address"/>
												</div>
										</div>
								</t>
						</div> <!--end of Header-->
						<!-- START OF PAGE -->
						<div t-attf-class="{{'article page' if not portal else ''}}" t-attf-style="color:{{style.text_color}} !important;font-size:{{style.body_font}}px !important;font-family:{{style.font_family}} !important;">
								<div class="col-12" t-attf-style="white-space:pre-line;color:#{style.wm_color};left:#{style.leftpadding}mm; top:#{style.toppadding}mm;font-size:#{style.fontsize}px; opacity:#{style.opacity};z-index:-99; -webkit-transform:rotate(-#{style.rotate}deg);position:fixed;"><t t-esc="style.wm_eval(doc, time, user, res_company)"/></div>
								<div class="col-12 float-left" style="padding-left:0px; padding-right:0px;"><!--start of wrapper -->
										<div class="col-5 float-left" style="padding-left:0px; padding-right:0px;">
												<div  t-attf-style="background-color:{{style.theme_color}}; width:auto; float:left; padding-top:2px; padding-bottom:2px; 
														color:{{style.theme_txt_color}};font-size:{{style.body_font+6}}px;">
														<span t-if="doc.partner_shipping_id == doc.partner_invoice_id" style="padding-left:5px; padding-right:5px;">
																<span class="fa fa-file-text "/>
																&#160;Invoicing &amp;&#160;<span class="fa fa-truck "/> Shipping Address</span>
														<span t-if="doc.partner_shipping_id != doc.partner_invoice_id" style="padding-left:5px; padding-right:5px;">
																<span class="fa fa-file-text "/>
																&#160;Invoicing Address</span>
												</div>
										</div>
										<t t-if="doc.partner_shipping_id != doc.partner_invoice_id">
												<div class="col-7 float-right" style="padding-left:0px; padding-right:0px;">
														<div  t-attf-style="background-color:{{style.theme_color}}; width:auto; float:right; padding-top:2px; padding-bottom:2px; 
																color:{{style.theme_txt_color}};font-size:{{style.body_font+6}}px;">
																<span style="padding-left:5px; padding-right:5px;"><span class="fa fa-truck "/>&#160;Shipping Address</span>
														</div>
												</div>
										</t>
								</div> <!--end of wrapper2-->
								<t t-if="doc.partner_shipping_id != doc.partner_invoice_id">
										<div class="col-7 float-right">
												<address t-field="doc.partner_shipping_id" style="text-align:right; width:100%;" 
														t-options='{"widget": "contact", "fields": ["address", "name", "phone",  "email", "website"]}'/>

										</div>
								</t>
								<div class="col-5 float-left mt8">
										<div t-if="doc.partner_id" t-attf-style="color:{{style.cust_color}}; margin-top:5px; margin-bottom:5px; margin-left:0px;font-size:{{style.body_font+6}}px;"> 
												<t t-if="doc.partner_id.parent_id">
														<span t-field="doc.partner_id.parent_id"/>, <span t-if="doc.partner_id.title" t-field="doc.partner_id.title"/> <span t-field="doc.partner_id.name"/>
												</t>
												<t t-if="not doc.partner_id.parent_id">
														<span t-if="doc.partner_id.title" t-field="doc.partner_id.title"/> <span t-field="doc.partner_id"/>
												</t>

										</div>
										<address t-field="doc.partner_id" style="margin-bottom:0px;" 
												t-options='{"widget": "contact", "fields": ["address", "phone",  "email", "website"]}'/>
										<span t-if="doc.partner_id.vat">VAT: <span t-field="doc.partner_id.vat"/></span>

								</div>
								<div class="col-6 float-right" t-attf-style="background-color:{{style.theme_color}}; color:{{style.theme_txt_color}};">
										<h3>
												<t t-if="not (env.context.get('proforma', False) or is_pro_forma)">
														<span t-if="doc.state not in ['draft','sent']">Sale Order  </span>
														<span t-if="doc.state in ['draft','sent']">Quotation  </span>
												</t>
												<t t-if="env.context.get('proforma', False) or is_pro_forma">
														<span>Pro-Forma Invoice # </span>
												</t>
												<span t-field="doc.name"/>
										</h3>
										<t t-set="div_style" t-value="'white-space:nowrap; width:auto;max-width:100%;float:left; padding:4px;font-size:{}px;'.format(style.body_font+2)"></t>
										<div t-if="doc.client_order_ref" t-attf-style="{{div_style}}">
												<strong style="white-space:nowrap;">Client Reference:</strong>
												<p t-field="doc.client_order_ref"/>
										</div>
										<div t-if="doc.date_order" t-attf-style="{{div_style}}">
												<strong style="white-space:nowrap;" t-if="doc.state not in ['draft','sent']">Date Ordered:</strong>
												<strong style="white-space:nowrap;" t-if="doc.state in ['draft','sent']">Quotation Date:</strong>
												<p t-field="doc.date_order"/>
										</div>
										<div t-if="doc.state in ['draft','sent'] and doc.validity_date" t-attf-style="{{div_style}}">
												<strong style="white-space:nowrap;">Valid Until:</strong>
												<p t-field="doc.validity_date"/>
										</div>
										<div t-if="doc.sudo().user_id.partner_id.name" t-attf-style="{{div_style}}">
												<strong style="white-space:nowrap;">Salesperson:</strong>
												<p t-field="doc.sudo().user_id.partner_id.name"/>
										</div>
										<div t-if="doc.fiscal_position_id" t-attf-style="{{div_style}}">
												<strong style="white-space:nowrap;">Fiscal Position:</strong>
												<p t-field="doc.fiscal_position_id"/>
										</div>

								</div>
								<div  class="col-12 float-left" style="padding:8px;"></div>
								<!-- DATA-->
								<t t-call="professional_templates.order_lines"/>
								<!--/DATA-->
						</div><!--End of PAGE-->
						<!--FOOTER -->
						<div t-attf-class="{{'footer' if not portal else ''}}" t-attf-style="font-size:{{style.footer_font}}px !important;font-family:{{style.font_family}} !important;">
								<t t-call="professional_templates.company_footer"/>
						</div>
						<!--/FOOTER-->
				</template>
		</data>
</openerp>
