<?xml version="1.0" encoding="utf-8"?>
<openerp>
		<data>
				<template id="picking_lines" name="Picking Data">
						<t t-set="th_style" t-value="'border-bottom: 1px solid #ddd !important;white-space:nowrap;'"/>
						<t t-set="backorder" t-value="False"/>
						<table t-if="o.move_line_ids" class="table  table-condensed" t-attf-style="color:{{style.text_color}};" >
								<t t-set="has_barcode" t-value="any([move_lines.product_id and move_lines.product_id.sudo().barcode or move_lines.package_id for move_lines in o.move_line_ids])"/>
								<t t-set="has_serial_number" t-value="o.move_line_ids.filtered(lambda ml: ml.lot_id or ml.lot_name)" groups="stock.group_production_lot"/>
								<thead t-attf-style="background-color:{{style.theme_color  if not style.transparent else 'transparent'}}; page-break-inside: avoid; color:{{style.theme_txt_color if not style.transparent else style.text_color}};">
										<tr t-attf-style="font-size:{{style.body_font+2}}px;page-break-inside: avoid !important; border-bottom: 1px solid {{style.text_color}} !important;">
												<th t-attf-style="{{th_style}}"><i class="fa fa-list-ol"/> Item</th>
												<th t-if="style.show_img" t-attf-style="{{th_style}}"><i class="fa fa-camera"/> Image</th>
												<th class="text-center" t-attf-style="{{th_style}}"><i class="fa fa-th-large"/> Product</th>
												<th class="text-right" t-attf-style="{{th_style}}"><i class="fa fa-sort-amount-asc"/> Quantity</th>
												<th t-if="has_barcode" t-attf-style="{{th_style}}" class="text-center"><i class="fa fa-barcode"/> Barcode</th>
												<th t-if="o.picking_type_id.code != 'incoming'" t-attf-style="{{th_style}}">
														<i class="fa fa-truck"/> Source
												</th>
												<th t-if="has_serial_number" t-attf-style="{{th_style}}"><i class="fa fa-tag"/> Serial No.</th>
												<th class="text-center" t-attf-style="{{th_style}}"><i class="fa fa-truck"/> Destination</th>
										</tr>
								</thead>
								<tbody>
										<t t-foreach="o.move_lines.sorted(key=lambda m: m.product_id.id)"  t-as="move_line">
												<tr t-attf-style="background-color:{{style.odd if (move_line_parity in 'odd' and not style.transparent) else (not style.transparent and style.even)  or 'transparent'}}; page-break-inside: avoid !important;">
														<td><span t-esc="move_line_index + 1"/></td>
														<td t-if="style.show_img">
																<span t-if="move_line.product_id" itemprop="image" t-field="move_line.product_id.image_small" t-options='{"widget": "image"}'/>
														</td>
														<td class="text-center">
																<span t-field="move_line.product_id.display_name"/><br/>
																<span t-field="move_line.product_id.description_picking"/>
														</td>
														<td class="text-right">
																<span t-field="move_line.product_qty"/>
																<span t-if="not move_line.product_qty" t-esc="move_line.product_uom._compute_quantity(move_line.quantity_done, move_line.product_id.uom_id, rounding_method='HALF-UP')"/>
																<span t-field="move_line.product_id.uom_id" groups="product.group_uom"/>
														</td>
														<td t-if="has_barcode">
																<span t-if="move_line.product_id and move_line.product_id.barcode">
																		<img t-att-src="'/report/barcode/?type=%s&amp;value=%s&amp;width=%s&amp;height=%s' % ('Code128', move_line.product_id.barcode, 600, 100)" style="width:  100%;height:50px"/>
																</span>
														</td>
														<td colspan="3">
																<t t-if="move_line.move_line_ids">
																		<table width="100%" t-attf-style="color:{{style.text_color}};">
																				<tr t-foreach="move_line.move_line_ids.sorted(key=lambda ml: ml.location_id.id)" t-as="ml">
																						<td width="20%" class="text-center">
																								<t t-if="o.picking_type_id.code != 'incoming'">
																										<span t-esc="ml.location_id.display_name"/>
																								</t>
																						</td>
																						<td width="50%" align="left" style="white-space:nowrap;">
																								<t t-if="has_serial_number and ml.product_id.tracking != 'none'">
																										<div class="col-4">
																												<span t-field="ml.lot_id"/>
																												<span t-if="not ml.lot_id" t-field="ml.lot_name"/>
																										</div>
																										<div class="col-8">
																												<span t-field="ml.qty_done"/>
																												<t t-if="o.state!='done'">
																														/ <span t-field="ml.product_uom_qty"/>
																												</t>
																										</div>
																								</t>
																						</td>
																						<td width="30%" align="left">
																								<div>
																										<span t-field="ml.location_dest_id"/>
																								</div>
																								<div t-if="ml.result_package_id or ml.result_package_id">
																										<span t-field="ml.package_id"/>
																										<span t-if="ml.result_package_id and not ml.package_id" class="fa fa-dropbox"/>
																										<span t-if="ml.result_package_id and ml.package_id">&#8594;</span>
																										<span t-field="ml.result_package_id"/>
																								</div>
																						</td>
																				</tr>
																		</table>
																</t>
																<t t-else="">
																		<span>No reservation or quantity done yet.</span>
																</t>
														</td>
												</tr>
										</t>
								</tbody>
						</table>
						<p t-if="o.state in ['draft', 'waiting', 'confirmed']">
								You do not have any products reserved for this picking.  Please click the 'Reserve' button
								to check if products are available.
						</p>
						<p t-field="o.note"/>
						<div class="col-12 row" t-if="o.move_line_ids and o.partner_id.delivery_instructions">
								<strong>Driver Instructions:</strong>
								<p t-field="o.partner_id.delivery_instructions"/>
						</div>
				</template>
		</data>
</openerp>

