<?xml version="1.0" encoding="UTF-8"?>
<templates id="point_of_sale.template" xml:space="preserve">
    <t t-extend="NumpadWidget">
        <t t-jquery='.numpad' t-operation='replace'>
            <div class="numpad">
                <button class="input-button number-char">1</button>
                <button class="input-button number-char">2</button>
                <button class="input-button number-char">3</button>
                <button class="mode-button" data-mode='quantity'>Qty</button>
                <br />
                <button class="input-button number-char">4</button>
                <button class="input-button number-char">5</button>
                <button class="input-button number-char">6</button>
                <t t-if="widget.pos.config.set_qty_by_amount">
                    <button class="mode-button" data-mode='quantity-by-price'>Mount</button>
                </t>
                <t t-else="">
                    <button class="mode-button" data-mode='discount'>Disc</button>
                </t>
                <br />
                <button class="input-button number-char">7</button>
                <button class="input-button number-char">8</button>
                <button class="input-button number-char">9</button>
                <button class="mode-button" data-mode='price'>Price</button>
                <br />
                <button class="input-button numpad-minus" >+/-</button>
                <button class="input-button number-char">0</button>
                <button class="input-button number-char">.</button>
                <button class="input-button numpad-backspace">
                    <img style="pointer-events: none;" src="/point_of_sale/static/src/img/backspace.png" width="24" height="21" />
                </button>
            </div>
        </t>
    </t>
</templates>