<?xml version="1.0" encoding="UTF-8"?>
<templates id="point_of_sale.template" xml:space="preserve">
    <t t-extend="Chrome">
        <t t-jquery='.pos-branding' t-operation='replace'>
             <img src='/web/binary/company_logo' style="width: 3%;padding: 2px 8px 0px 13px;float: left;"/>
             <span class="placeholder-UsernameWidget" style="float: left;padding-top: 19px;color: #fff;"/>
        </t>
    </t>

    <t t-extend="PosTicket">
        <t t-jquery='.pos-sale-ticket' t-operation='replace'>
            <div class="pos-sale-ticket">
                <div style="width: 45%; padding: 0px 85px;">
                    <img src='/web/binary/company_logo' style="width:100%"/>
                </div>

                <div style="width:100%;text-align:center;">
                    <t t-esc="widget.pos.company.street" t-if="widget.pos.company.street"/>,
                    <t t-esc="widget.pos.company.state_id[1]" t-if="widget.pos.company.state_id"/>
                    <br/>
                    <t t-if="widget.pos.company.phone">
                        Phone: <t t-esc="widget.pos.company.phone || ''"/>
                    </t>
                </div>

                <t t-if="widget.pos.company.name">
                    <div style="width:100%;text-align:center;"><t t-esc="widget.pos.company.name"/></div>
                </t>
                <t t-if="widget.pos.company.l10n_pe_document_number">
                    <div style="width:100%;text-align:center;">
                        <span>RUC: </span>
                        <strong id="company_document_number">
                            <t t-esc="widget.pos.company.l10n_pe_document_number"/>
                        </strong>
                    </div>
                </t>
                <t t-else="">
                    <div style="width:100%;text-align:center;">
                        <span>RUC: </span>
                        <strong id="company_document_number">
                            0123456789
                        </strong>
                    </div>
                </t>
                <br />
                <div style="width:100%;text-align:center;">
                    <strong id="journal_name"><t t-esc="order.journal_name"/></strong><br/>
                    <strong id="invoice_number"><t t-esc="order.invoice_number"/></strong>
                </div>
                <!-- t t-esc="order.name"/ -->
                <div style="width:100%;text-align:center;">
                    Date: <t t-esc="moment().format('L LT')"/>
                </div>
                <div style="width: 100%; float: left; padding: 20px 0px;">
                    <t t-set="client" t-value="order.get_client()"/>
                    <t t-if="client">
                        <strong id="l10n_pe_document_type" style='display: none;'><t t-esc="client.l10n_pe_document_type" /></strong>
                        <strong id="l10n_pe_document_number" style='display: none;'><t t-esc="client.l10n_pe_document_number" /></strong>
                        <b>Cliente: </b> <t t-esc="client.name"/><br/>
                        <t t-if="client.l10n_pe_document_type == '6'">
                            <b>Dirección: </b> <t t-esc="client.street"/><br/>
                        </t>
                        <b>N° documento: </b><t t-esc="client.l10n_pe_document_number"/><br/>
                    </t>
                </div>
                <br/>
                <t t-if="receipt.header">
                    <div style='text-align:center'>
                        <t t-esc="receipt.header" />
                    </div>
                    <br/>
                </t>
                <table class='receipt-orderlines'>
                    <colgroup>
                        <col width='40%' />
                        <col width='20%' />
                        <col width='20%' />
                        <col width='20%' />
                    </colgroup>
                    <tr style="border: 1px solid rgb(0, 0, 0);">
                        <th>Desc.</th>
                        <th style="text-align:center">Cant.</th>
                        <th style="text-align:center">PxUnid</th>
                        <th style="text-align:center">Subtotal</th>
                    </tr>
                    <tr t-foreach="orderlines" t-as="orderline">
                        <td>
                            <t t-esc="orderline.get_product().display_name"/>
                             <t t-if="orderline.get_discount() > 0">
                                <div class="pos-disc-font">
                                    With a <t t-esc="orderline.get_discount()"/>% discount
                                </div>
                            </t>
                        </td>
                        <td style='text-align:center'>
                            <t t-esc="orderline.get_quantity_str_with_unit()"/>
                        </td>
                        <td class="pos-right-align">
                            <t t-esc="widget.format_currency(orderline.get_unit_price())"/>
                        </td>
                        <td style='text-align:right'>
                            <t t-esc="widget.format_currency(orderline.get_display_price())"/>
                        </td>
                    </tr>
                </table>
                <br />
                <table class='receipt-total'>
                    <colgroup>
                        <col width='40%' />
                        <col width='30%' />
                        <col width='30%' />
                    </colgroup>
                    <tr>
                        <td></td>
                        <td>Subtotal:</td>
                        <td style='text-align:right'>
                            <t t-esc="widget.format_currency(order.get_total_without_tax())"/>
                        </td>
                    </tr>
                    <t t-foreach="order.get_tax_details()" t-as="taxdetail">
                        <tr>
                            <td></td>
                            <td><t t-esc="taxdetail.name" /></td>
                            <t t-if="taxdetail.name.toLowerCase().indexOf('igv')">
                                <td style='text-align:right;display: none;' id="igv">
                                    <t t-esc="taxdetail.amount"/>
                                </td>
                            </t>
                            <t t-if="taxdetail.name.toLowerCase().indexOf('isc')">
                                <td style='text-align:right;display: none;' id="isc">
                                    <t t-esc="taxdetail.amount"/>
                                </td>
                            </t>
                            <td style='text-align:right'>
                                <t t-esc="widget.format_currency(taxdetail.amount)"/>
                            </td>
                        </tr>
                    </t>
                    <tr>
                        <td></td>
                        <td>Discount:</td>
                        <td style='text-align:right'>
                            <t t-esc="widget.format_currency(order.get_total_discount())"/>
                        </td>
                    </tr>
                    <tr class="emph">
                        <td>Total:</td>
                        <td colspan="2" style='text-align:right;display: none;' id="total" >
                            <t t-esc="order.get_total_with_tax()"/>
                        </td>
                        <td colspan="2" style='text-align:right'>
                            <t t-esc="widget.format_currency(order.get_total_with_tax())"/>
                        </td>
                    </tr>
                    <tr>
                        <td colspan="5"><br/>SON: <b t-esc="order.l10n_pe_amount_text"/></td>
                    </tr>
                </table>
                <br/>
                <table class='receipt-paymentlines'>
                    <colgroup>
                        <col width='38%' />
                        <col width='20%' />
                        <col width='13%' />
                        <col width='29%' />
                    </colgroup>
                    <t t-foreach="paymentlines" t-as="line">
                      <tr>
                          <td>
                              <t t-esc="line.name"/>
                          </td>
                          <td></td>
                          <td></td>
                          <td style='text-align:right'>
                              <t t-esc="widget.format_currency(line.get_amount())"/>
                          </td>
                      </tr>
                    </t>
                </table>
                <br/>
                <table class='receipt-change'>
                    <colgroup>
                        <col width='40%' />
                        <col width='15%' />
                        <col width='15%' />
                        <col width='30%' />
                    </colgroup>
                    <tr>
                        <td>Change:</td>
                        <td></td>
                        <td></td>
                        <td style='text-align:right'>
                            <t t-esc="widget.format_currency(order.get_change())"/>
                        </td>
                    </tr>
                </table>

                <div style="width: 100%; float: left; padding: 20px 0px;">
                    <b>Cajero(a):</b> <t t-esc="widget.pos.get_cashier().name"/>
                </div>
                <br/><br/>
                <div id="qrcode" style="padding: 0px 80px;"/>
                <div  style="width: 100%;">
                    CONSULTE EN: <t t-esc="widget.pos.config.l10n_pe_cpe_url_consult"/>
                </div>
                <br/><br/>
                <div style="width: 100%">
                    HASH: <t t-esc="order.l10n_pe_facturalo_hash"/>
                </div>
                <br/>
                <div style="width: 100%; float: left; padding: 20px 0px;">
                    <strong t-if="widget.pos.company.extra_data_report">
                        <t t-raw="widget.pos.company.extra_data_report" />
                    </strong>
                </div>
                 <t t-if="receipt.footer">
                    <br />
                    <div style='text-align:center'>
                        <t t-esc="receipt.footer" />
                    </div>
                </t>
                <script type="text/javascript">
                jQuery(function(){
                    jQuery('#qrcode').qrcode({
                        width: 150,
                        height: 150,
                        text: $.trim(document.getElementById("company_document_number").innerHTML) + "|" +
                            $.trim(document.getElementById("journal_name").innerHTML) + "|" +
                            $.trim(document.getElementById("invoice_number").innerHTML.replace(/-/g, '|')) + "|" +
                            $.trim(parseFloat(document.getElementById("total").innerHTML).toFixed(2)) + "|" +
                            moment().format('YYYY-MM-DD') + "|" +
                            $.trim(document.getElementById("l10n_pe_document_type").innerHTML) + "|" +
                            $.trim(document.getElementById("l10n_pe_document_number").innerHTML)
                    });
                });
                </script>
            </div>
        </t>
    </t>
</templates>
