<?xml version="1.0" encoding="utf-8"?>
<odoo>
    <data noupdate="1">
        <record id="host_api_cpe_url" model="ir.config_parameter">
            <field name="key">host_api_cpe_url</field>
            <field name="value">http://test.vrs-efact.com/api/</field>
        </record>
        <record id="host_api_cpe_token" model="ir.config_parameter">
            <field name="key">host_api_cpe_token</field>
            <field name="value">EVDtJjQBEAGzOpRZa9CzlFpNruVk2xu6o4N2AodYJbVi9eyEWu</field>
        </record>
        <record id="host_apiperu_url" model="ir.config_parameter">
            <field name="key">host_apiperu_url</field>
            <field name="value">https://apiperu.dev/api/</field>
        </record>
         <record id="host_apiperu_token" model="ir.config_parameter">
            <field name="key">host_apiperu_token</field>
            <field name="value">6b54c975bc9390294f13601e0b45c19516a850f94a2c10d982b39e20eba7a20f</field>
        </record>
        <record id="host_pydevs_url" model="ir.config_parameter">
            <field name="key">host_pydevs_url</field>
            <field name="value">http://py-devs.com/api/</field>
        </record>
        <record id="host_pydevs_username" model="ir.config_parameter">
            <field name="key">host_pydevs_username</field>
            <field name="value">demorest</field>
        </record>
        <record id="host_pydevs_password" model="ir.config_parameter">
            <field name="key">host_pydevs_password</field>
            <field name="value">demo1234</field>
        </record>
        <record id="api_send_xml_signed" model="ir.config_parameter">
            <field name="key">api_send_xml_signed</field>
            <field name="value">true</field>
        </record>
   </data>
</odoo>
