id,name,model_id:id,group_id:id,perm_read,perm_write,perm_create,perm_unlink
access_stock_manager,l10n_pe_car_detail,model_l10n_pe_car_detail,stock.group_stock_manager,1,1,1,1
access_stock_picking_serie_manager,stock.picking.serie.manager,model_stock_picking_serie,base.group_erp_manager,1,1,1,1
access_stock_picking_serie_user,stock.picking.serie.user,model_stock_picking_serie,stock.group_stock_user,1,1,1,1
access_stock_picking_serie_stock_manager,stock.picking.serie.stock.manager,model_stock_picking_serie,stock.group_stock_manager,1,1,1,1
