<?xml version="1.0" encoding="utf-8"?>
<openerp>
	<data>
		<template id="INVOICE_11_document" name="Clean Template">
			<!-- Multicompany -->
			<t t-if="o and 'company_id' in o">
				<t t-set="company" t-value="o.company_id"></t>
			</t>
			<t t-if="not o or not 'company_id' in o">
				<t t-set="company" t-value="res_company"></t>
			</t>
			<div t-attf-style="border:2px solid {{style.theme_color}};padding-bottom:0px; padding-left:0px; padding-right:0px; color:{{style.text_color}} !important;font-size:{{style.header_font}}px !important;font-family:{{style.font_family}} !important;" class="header col-12 float-left">
				<t t-if="style.header">
					<div t-attf-class="col-7 mt32 float-left">
						<t t-set="strong_style" t-value="'white-space:nowrap;'"/>
						<t t-set="div_style" t-value="'background-color:{}; color: {};padding:8px;width:auto;display:inline-block;margin-bottom:8px;margin-right:8px;'.format(style.theme_color,style.theme_txt_color)"/>
						<div t-if="o.number" t-attf-style="{{div_style}}">
							<strong t-if="o.type == 'out_invoice' and (o.state == 'open' or o.state == 'paid')" t-attf-style="{{strong_style}}">Invoice #: </strong>
							<strong t-if="o.type == 'out_invoice' and o.state == 'proforma2'" t-attf-style="{{strong_style}}">PRO-FORMA Invoice #: </strong>
							<strong t-if="o.type == 'out_invoice' and o.state == 'draft'" t-attf-style="{{strong_style}}">Draft Invoice #: </strong>
							<strong t-if="o.type == 'out_invoice' and o.state == 'cancel'" t-attf-style="{{strong_style}}">Cancelled Invoice #: </strong>
							<strong t-if="o.type == 'out_refund'" t-attf-style="{{strong_style}}">Refund #: </strong>
							<strong t-if="o.type == 'in_refund'" t-attf-style="{{strong_style}}">Supplier Refund #: </strong>
							<strong t-if="o.type == 'in_invoice'" t-attf-style="{{strong_style}}">Supplier Invoice #: </strong>
							<span t-field="o.number"/>
						</div>
						<div t-if="o.date_invoice" t-attf-style="{{div_style}}">
							<strong t-attf-style="{{strong_style}}">Invoice Date: </strong>
							<span t-field="o.date_invoice"/>
						</div>
						<div t-if="o.date_due" t-attf-style="{{div_style}}">
							<strong t-attf-style="{{strong_style}}">Due Date: </strong>
							<span t-field="o.date_due"/>
						</div>
						<div t-if="o.origin" t-attf-style="{{div_style}}">
							<strong t-attf-style="{{strong_style}}">Source Document: </strong>
							<span t-field="o.origin"/>
						</div>
						<div t-if="o.fiscal_position_id" t-attf-style="{{div_style}}">
							<strong t-attf-style="{{strong_style}}">Fiscal Position: </strong>
							<span t-field="o.fiscal_position_id"/>
						</div>
						<div t-if="o.name" t-attf-style="{{div_style}}">
							<strong t-attf-style="{{strong_style}}">Reference: </strong>
							<span t-field="o.name"/>
						</div>
					</div>
					<div class="col-5 float-right" style="padding-right:0px;">
						<span t-if="style.logo">
							<span itemprop="image" t-field="style.logo" t-options='{"widget": "image", "style": "float:right;"}'/>
						</span>
						<span t-if="not style.logo and company.logo">
							<span itemprop="image" t-field="company.logo" t-options='{"widget": "image", "style": "float:right;"}'/>
						</span>
						<span t-if="not style.logo and not company.logo">
							<span itemprop="image" t-field="company.logo" t-options='{"widget": "image", "style": "float:right;"}'/>
						</span>
						<div t-if="company.twitter or company.facebook or company.facebook" t-attf-style="background-color:{{style.theme_color}}; width:auto; float:right; padding-left:15px; color:{{style.theme_txt_color}}; padding-right:15px; padding-top:4px; padding-bottom:2px; margin-right:15px; white-space:nowrap;" class="float-right mb8">
							<span t-if="company.twitter" style="padding-left:0px;" class="fa fa-twitter-square "/>&#160;<span t-field="company.twitter"/>
							<span t-if="company.facebook" style="padding-left:13px;" class="fa fa-facebook-square "/>&#160;<span t-field="company.facebook"/>
							<span t-if="company.youtube" style="padding-left:13px;" class="fa fa-youtube-square "/>&#160;<span t-field="company.youtube" />
						</div>
					</div>
				</t>
			</div> <!--end of Header-->
			<!-- START OF PAGE -->
			<div class="article page" t-attf-data-oe-model="account.invoice" t-attf-data-oe-id="{{o.id}}" t-attf-style="color:{{style.text_color}} !important;font-size:{{style.body_font}}px !important;font-family:{{style.font_family}} !important;">
				<h4 class="text-center" t-field="o.number">Draft</h4>
				<div class="col-12" t-attf-style="white-space:pre-line;color:#{style.wm_color};left:#{style.leftpadding}mm; top:#{style.toppadding}mm;font-size:#{style.fontsize}px; opacity:#{style.opacity};z-index:-99; -webkit-transform:rotate(-#{style.rotate}deg);position:fixed;"><t t-esc="style.wm_eval(o, time, user, res_company)"/></div>
				<t t-set="div_class" t-value="'col-4' if o.partner_shipping_id and o.partner_shipping_id != o.partner_id else 'col-6'"></t>
				<div t-attf-class="#{div_class} float-left">
					<span t-if="o.partner_shipping_id and o.partner_shipping_id != o.partner_id" t-attf-style="font-size:{{style.body_font+6}}px; font-weight:bold;">
						Bill To:</span>
					<span t-if="o.partner_shipping_id == o.partner_id or not o.partner_shipping_id" t-attf-style="font-size:{{style.body_font+6}}px; font-weight:bold;">
						Bill&#160;&amp;&#160;Ship To:
					</span>
					<div t-if="o.partner_id" t-attf-style="color:{{style.cust_color}};font-size:{{style.body_font+6}}px;font-weight:500;"> 
						<t t-if="o.partner_id.parent_id">
							<span t-field="o.partner_id.parent_id"/>, <span t-if="o.partner_id.title" t-field="o.partner_id.title"/> <span t-field="o.partner_id.name"/>
						</t>
						<t t-if="not o.partner_id.parent_id">
							<span t-if="o.partner_id.title" t-field="o.partner_id.title"/> <span t-field="o.partner_id"/>
						</t>
					</div>
					<address t-field="o.partner_id" style="margin-bottom:0px;" t-options='{"widget": "contact", "fields":["address","phone","email","website"],"no_marker": false}'/>
					<span t-if="o.partner_id.vat">VAT: <span t-field="o.partner_id.vat"/></span>
				</div>
				<div t-attf-class="#{div_class} float-left" t-if="o.partner_shipping_id and o.partner_shipping_id != o.partner_id">
					<span t-attf-style="font-size:{{style.body_font+6}}px;font-weight:bold;">Ship To:</span>
					<address t-field="o.partner_shipping_id" style="margin-bottom:0px;" 
						t-options='{"widget": "contact", "fields":["name", "address","phone","email","website"],"no_marker": false}'/>
					<span t-if="o.partner_id.vat">VAT: <span t-field="o.partner_id.vat"/></span>
				</div>
				<div t-attf-class="#{div_class} float-right text-right" style="padding-bottom:2px;padding-left:0px;">
					<div style="width:auto;padding-left:15px;">
						<t t-call="professional_templates.company_address"/>
					</div>
				</div>
				<!-- DATA-->
				<t t-call="professional_templates.invoice_lines"/>
				<!--/DATA-->
			</div><!--End of PAGE-->
			<!--FOOTER -->
			<div class="footer" t-attf-style="font-size:{{style.footer_font}}px !important;font-family:{{style.font_family}} !important;">
				<t t-call="professional_templates.company_footer"/>
			</div>
			<!--/FOOTER-->

		</template>

	</data>
</openerp>
