<?xml version="1.0" encoding="utf-8"?>
<openerp>
	<data>
		<template id="INVOICE_8_document" name="Western Template">
			<!-- Multicompany -->
			<t t-if="o and 'company_id' in o">
				<t t-set="company" t-value="o.company_id"></t>
			</t>
			<t t-if="not o or not 'company_id' in o">
				<t t-set="company" t-value="res_company"></t>
			</t>
			<div class="header col-12 float-left" t-attf-style="padding-bottom:0px; padding-left:0px; padding-right:0px; color:{{style.text_color}} !important;font-size:{{style.header_font}}px !important;font-family:{{style.font_family}} !important;">
				<t t-if="style.header">
					<div class="col-12 mb8 float-left" t-attf-style="border-bottom:15px dotted {{style.theme_color}}">
						<h4 class="text-center">
							<span t-field="company.name" t-attf-style="color:{{style.name_color}};white-space:nowrap;font-size:{{style.header_font+6}}px;font-weight:500;"/>  
						</h4>
						<div  class="col-5 float-left" style="padding-left:0px;">
							<t t-call="professional_templates.company_address_noname"/>
							<div t-if="company.twitter or company.facebook or company.facebook" t-attf-style="display:inline-block; width:auto; padding-right:15px; padding-top:4px; padding-bottom:2px;" class="mb8">
								<span t-if="company.twitter" class="fa fa-twitter-square "/>&#160;<span t-field="company.twitter"/> &#160;
								<span t-if="company.facebook" class="fa fa-facebook-square "/>&#160;<span t-field="company.facebook"/> &#160; 
								<span t-if="company.youtube" class="fa fa-youtube-square "/>&#160;<span t-field="company.youtube"/> 
							</div>
						</div>
						<div t-attf-class="#{'col-3 float-left' if o.number else 'col-7 float-left'}" t-attf-style="padding-right:0px;color:{{style.theme_color}};">
							<h2>
								<span t-if="o.type == 'out_invoice' and (o.state == 'open' or o.state == 'paid')" style="white-space:nowrap;">INVOICE</span>
								<span t-if="o.type == 'out_invoice' and o.state == 'proforma2'" style="white-space:nowrap;">PRO-FORMA</span>
								<span t-if="o.type == 'out_invoice' and o.state == 'draft'" style="white-space:nowrap;">DRAFT INVOICE</span>
								<span t-if="o.type == 'out_invoice' and o.state == 'cancel'" style="white-space:nowrap;">CANCELLED INVOICE</span>
								<span t-if="o.type == 'out_refund'" style="white-space:nowrap;">REFUND</span>
								<span t-if="o.type == 'in_refund'" style="white-space:nowrap;">SUPPLIER REFUND</span>
								<span t-if="o.type == 'in_invoice'" style="white-space:nowrap;">SUPPLIER INVOICE</span>
							</h2>
						</div>
						<div t-if="o.number" class="col-4 text-right float-right" style="padding-right:0px;">
							<h2 t-attf-style="background-color:{{style.theme_color}}; color:{{style.theme_txt_color}};display: inline-block;border:2px dotted;">
								<span t-field="o.number"/>
							</h2>
						</div>
					</div>
				</t>
			</div> <!--end of Header-->
			<!-- START OF PAGE -->
			<div class="article page" t-attf-data-oe-model="account.invoice" t-attf-data-oe-id="{{o.id}}" t-attf-style="color:{{style.text_color}} !important;font-size:{{style.body_font}}px !important;font-family:{{style.font_family}} !important;">
				<h4 class="text-center" t-field="o.number">Draft</h4>
				<div class="col-12" t-attf-style="white-space:pre-line;color:#{style.wm_color};left:#{style.leftpadding}mm; top:#{style.toppadding}mm;font-size:#{style.fontsize}px; opacity:#{style.opacity};z-index:-99; -webkit-transform:rotate(-#{style.rotate}deg);position:fixed;"><t t-esc="style.wm_eval(o, time, user, res_company)"/></div>
				<t t-set="div_class" t-value="'col-3' if o.partner_shipping_id and o.partner_shipping_id != o.partner_id else 'col-4'"></t>
				<div t-attf-class="#{div_class} float-left">
					<span t-if="o.partner_shipping_id and o.partner_shipping_id != o.partner_id" t-attf-style="font-size:{{style.body_font+6}}px; font-weight:bold;">
						Bill To:</span>
					<span t-if="o.partner_shipping_id == o.partner_id or not o.partner_shipping_id" t-attf-style="font-size:{{style.body_font+6}}px; font-weight:bold;">
						Bill&#160;&amp;&#160;Ship To:
					</span>
					<div t-if="o.partner_id" t-attf-style="color:{{style.cust_color}};font-size:{{style.body_font+6}}px;font-weight:500;"> 
						<t t-if="o.partner_id.parent_id">
							<span t-field="o.partner_id.parent_id"/>, <span t-if="o.partner_id.title" t-field="o.partner_id.title"/> <span t-field="o.partner_id.name"/>
						</t>
						<t t-if="not o.partner_id.parent_id">
							<span t-if="o.partner_id.title" t-field="o.partner_id.title"/> <span t-field="o.partner_id"/>
						</t>
					</div>
					<address t-field="o.partner_id" style="margin-bottom:0px;" t-options='{"widget": "contact", "fields":["address","phone","email","website"],"no_marker": false}'/>
					<span t-if="o.partner_id.vat">VAT: <span t-field="o.partner_id.vat"/></span>
				</div>
				<div t-attf-class="#{div_class} float-left" t-if="o.partner_shipping_id and o.partner_shipping_id != o.partner_id">
					<span t-attf-style="font-size:{{style.body_font+6}}px;font-weight:bold;">Ship To:</span>
					<address t-field="o.partner_shipping_id" style="margin-bottom:0px;" 
						t-options='{"widget": "contact", "fields":["name", "address","phone","email","website"],"no_marker": false}'/>
					<span t-if="o.partner_id.vat">VAT: <span t-field="o.partner_id.vat"/></span>
				</div>
				<div t-attf-class="#{div_class} float-left" t-attf-style="border-left:2px solid {{style.theme_color}}">
					<ul> 
						<div t-if="o.number">
							<strong t-if="o.type == 'out_invoice' and (o.state == 'open' or o.state == 'paid')" style="white-space:nowrap;">Invoice #</strong>
							<strong t-if="o.type == 'out_invoice' and o.state == 'proforma2'" style="white-space:nowrap;">PRO-FORMA Invoice #</strong>
							<strong t-if="o.type == 'out_invoice' and o.state == 'draft'" style="white-space:nowrap;">Draft Invoice #</strong>
							<strong t-if="o.type == 'out_invoice' and o.state == 'cancel'" style="white-space:nowrap;">Cancelled Invoice #</strong>
							<strong t-if="o.type == 'out_refund'" style="white-space:nowrap;">Refund #</strong>
							<strong t-if="o.type == 'in_refund'" style="white-space:nowrap;">Supplier Refund #</strong>
							<strong t-if="o.type == 'in_invoice'" style="white-space:nowrap;">Supplier Invoice #</strong>

						</div>
						<div t-if="o.date_invoice">
							<strong style="white-space:nowrap;">Invoice Date:</strong>
						</div>
						<div t-if="o.date_due">
							<strong style="white-space:nowrap;">Due Date:</strong>
						</div>
						<div t-if="o.origin">
							<strong style="white-space:nowrap;">Source Document:</strong>
						</div>
						<div t-if="o.fiscal_position_id">
							<strong style="white-space:nowrap;">Fiscal Position:</strong>
						</div>
						<div t-if="o.name">
							<strong style="white-space:nowrap;">Reference:</strong>
						</div>
					</ul> 
				</div>
				<div t-attf-class="#{div_class} text-right float-right">
					<ul> 
						<div t-if="o.number">
							<span t-field="o.number"/>
						</div>
						<div t-if="o.date_invoice">
							<span t-field="o.date_invoice"/>
						</div>
						<div t-if="o.date_due">
							<span t-field="o.date_due"/>
						</div>
						<div t-if="o.origin">
							<span t-field="o.origin"/>
						</div>
						<div t-if="o.fiscal_position_id">
							<span t-field="o.fiscal_position_id"/>
						</div>
						<div t-if="o.name">
							<span t-field="o.name"/>
						</div>
					</ul> 
				</div>
				<!-- DATA-->
				<t t-call="professional_templates.invoice_lines"/>
				<!--/DATA-->
			</div><!--End of PAGE-->
			<!--FOOTER -->
			<div class="footer" t-attf-style="font-size:{{style.footer_font}}px !important;font-family:{{style.font_family}} !important;">
				<t t-call="professional_templates.company_footer"/>
			</div>
			<!--/FOOTER-->
		</template>
	</data>
</openerp>
