<?xml version="1.0" ?>
<odoo>
    <data>
        <!--Email template -->
        <record id="email_template_stock_cpe" model="mail.template">
            <field name="name">GUIA DE REMISIÓN DE REMITENTE</field>
            <field name="email_from">${(object.company_id.email and '%s &lt;%s&gt;' % (object.company_id.name, object.company_id.email) or '')|safe}</field>
            <field name="subject">${object.company_id.name} GUIA DE REMISIÓN  ${object.series}-${object.correlative}</field>
            <field name="partner_to">${object.partner_id.id}</field>
            <field name="model_id" ref="stock.model_stock_picking"/>
            <field name="auto_delete" eval="True"/>
            <field name="lang">${object.partner_id.lang}</field>
            <field name="body_html"><![CDATA[
                <p>Estimado ${object.partner_id.name}
                % set access_action = object.get_access_action()
                % set access_url = access_action['type'] == 'ir.actions.act_url' and access_action['url'] or '/report/pdf/account.report_invoice/' + str(object.id)
                % set is_online = access_action and access_action['type'] == 'ir.actions.act_url'

                % if object.partner_id.parent_id:
                    (<i>${object.partner_id.parent_id.name}</i>)
                % endif
                ,</p>
                <p>
                    Aquí está su guia de remisión del remitente electrónica  <strong>${object.series}-${object.correlative} </strong>
                    % if object.origin:
                        (con referencia: ${object.origin} )
                    % endif
                </p>

                % if is_online:
                <br/><br/>
                <center>
                    <a href="${access_url}"
                    style="background-color: #1abc9c; padding: 20px; text-decoration: none; color: #fff; border-radius: 5px; font-size: 16px;"
                    class="o_default_snippet_text">Ver GUIA</a>
                </center>
                % endif
                <br/><br/>
                <p>Confirmenos la recepción de la misma</p>
                <p>Gracias</p>
                % if object.user_id and object.user_id.signature:
                    ${object.user_id.signature | safe}
                % endif
                ]]>
            </field>
        </record>
    </data>
</odoo>
