<?xml version="1.0" encoding="utf-8"?>
<odoo>
   <data noupdate="1">
        <record id="update_currency_rate" model="ir.cron">
            <field name="name">Actualiza tipo de cambio</field>
            <field name="active" eval="True"/>
            <field name="interval_number">24</field>
            <field name="interval_type">hours</field>
            <field name="numbercall">-1</field>
            <field name="model_id" ref="base.model_res_currency"/>
            <field name="state">code</field>
            <field name="code">model.l10n_pe_get_currency()</field>
        </record>
   </data>
</odoo>
