<?xml version="1.0" encoding="utf-8"?>
<openerp>
		<data>
				<template id="rfq_lines_ascend" name="Ascend RFQ Data">
						<t t-set="th_style" t-value="'white-space:nowrap;' + 'border: 1px solid ' +  style.text_color + ' !important;'"></t>
						<t t-set="td_style" t-value="'border: 1px solid ' +  style.text_color + ' !important;'"/>
						<table class="table  table-sm" t-attf-style="color:{{style.text_color}};" >
								<thead t-attf-style="background-color:transparent}; page-break-inside: avoid; color:style.text_color;">
										<tr t-attf-style="page-break-inside: avoid !important; border-bottom: 1px solid {{style.text_color}} !important;font-size:{{style.body_font+2}}px;">
												<th t-attf-style="{{th_style}}">Pos</th>
												<th class="text-center" t-attf-style="{{th_style}}" t-att-colspan="2">Quantity</th>
												<th t-attf-style="{{th_style}}" class="text-center">Description</th>
												<th class="text-center" t-attf-style="{{th_style}}">Expected Date</th>
										</tr>
								</thead>
								<tbody>
										<t t-foreach="o.order_line" t-as="line">
												<tr t-attf-style="background-color:transparent; page-break-inside: avoid !important;">
														<td t-attf-style="{{td_style}}"><span t-esc="line_index + 1"/></td>
														<td class="text-right" t-attf-style="{{td_style}}">
																<span t-field="line.product_qty"/>
														</td>
														<td class="text-right" t-attf-style="{{td_style}}">
																<span t-field="line.product_uom" groups="uom.group_uom"/>
														</td>
														<td t-attf-style="{{td_style}}">
																<span t-field="line.name"/>
														</td>
														<td class="text-center" t-attf-style="{{td_style}}">
																<span t-field="line.date_planned"/>
														</td>
												</tr>
										</t>
								</tbody>
						</table>
						<div class="col-12 float-left" style="padding-left:0px; padding-right:0px; page-break-inside: avoid !important;">
								<p t-if="o.payment_term_id.note">
										<span t-field="o.payment_term_id.note"/>
								</p>
								<p t-if="o.incoterm_id">
										<span>Shipping:</span><span t-field="o.incoterm_id"/>
								</p>
								<p id="payment_term" t-if="not o.payment_term_id and o.partner_id.property_payment_term_id">
										<span t-field="o.partner_id.property_payment_term_id.note"/>
								</p>

								<p t-if="o.fiscal_position_id.note">
										<strong>Fiscal Position Remark:</strong> <span t-field="o.fiscal_position_id.note"/>
								</p>
								<p t-if="o.notes">
										<span t-field="o.notes"/>
								</p>
						</div>
				</template>
		</data>
</openerp>

