<?xml version="1.0" encoding="utf-8"?>
<openerp>
		<data>
				<template id="RFQ_4_document" name="TVA Template">
						<!-- Multicompany -->
						<t t-if="o and 'company_id' in o">
								<t t-set="company" t-value="o.company_id"></t>
						</t>
						<t t-if="not o or not 'company_id' in o">
								<t t-set="company" t-value="res_company"></t>
						</t>
						<div t-attf-style="padding-bottom:0px; padding-left:0px; padding-right:0px; color:{{style.text_color}} !important;font-size:{{style.header_font}}px !important;font-family:{{style.font_family}} !important;" class="header col-12">
								<t t-if="style.header">
										<div class="col-5 float-left" t-attf-style="padding:15px; border:1px solid {{style.text_color}};">
												<t t-call="professional_templates.company_address"/>	
										</div>
										<div class="col-5 float-right" t-attf-style="border: 1px solid {{style.text_color}}; color:{{style.text_color}};">
												<strong>Date:</strong>
												<span t-field="o.date_order"/>
										</div>
										<div class="col-7 float-right" style="text-align:right; padding-left:0px; padding-right:0px;">
												<div t-if="style.logo" style="width:100%; text-align:right; padding-bottom:3px; padding-top:3px;">
														<img  t-att-src="image_data_uri(style.logo)" alt="Logo"/>
												</div>
												<div t-if="not style.logo and company.logo" style="width:100%; text-align:right;padding-bottom:8px;padding-top:3px;">
														<img  t-att-src="image_data_uri(company.logo)" alt="Logo"/>
												</div>
												<div t-if="not style.logo and not company.logo" style="width:100%;text-align:right;padding-bottom:8px;padding-top:3px;">
														<img  t-att-src="image_data_uri(company.logo)" alt="Logo"/>
												</div>
												<div t-if="company.twitter or company.facebook or company.youtube" t-attf-style="background-color:{{style.theme_color}}; width:auto; float:right; padding-left:15px; color:{{style.theme_txt_color}}; 
														padding-right:15px; padding-top:2px; padding-bottom:2px;">
														<span t-if="company.twitter" style="padding-left:0px;" class="fa fa-twitter-square "/>&#160;<span t-field="company.twitter"/>
														<span t-if="company.facebook" style="padding-left:13px;" class="fa fa-facebook-square "/>&#160;<span t-field="company.facebook"/>
														<span t-if="company.youtube" style="padding-left:13px;" class="fa fa-youtube-square "/>&#160;<span t-field="company.youtube" />
												</div>

										</div> 
								</t>
						</div> <!--end of Header-->
						<!-- START OF PAGE -->
						<div class="article page" t-attf-style="color:{{style.text_color}} !important;font-size:{{style.body_font}}px !important;font-family:{{style.font_family}} !important;">
								<div class="col-12" t-attf-style="white-space:pre-line;color:#{style.wm_color};left:#{style.leftpadding}mm; top:#{style.toppadding}mm;font-size:#{style.fontsize}px; opacity:#{style.opacity};z-index:-99; -webkit-transform:rotate(-#{style.rotate}deg);position:fixed;"><t t-esc="style.wm_eval(o, time, user, res_company)"/></div>
								<div class="col-6 float-left" style="padding-left:0px; padding-right:0px;padding-bottom:0px; "> 
										<div  t-attf-style="float:left; width:100%; margin-top:0px;padding-top:1px;padding-left:15px;padding-right:15px;
												color:{{style.text_color}} !important; border:1px solid {{style.text_color}}">
												<h3 id="title" style="margin-top:10px;">
														<span>R.F.Q  </span>
														<span t-field="o.name"/>
												</h3>
										</div>
								</div>
								<div class="col-5 float-right" t-attf-style="border: 1px solid {{style.text_color}};padding:15px;">
										<div t-if="o.partner_id" t-attf-style="color:{{style.cust_color}};white-space:nowrap;font-size:{{style.body_font+6}}px;margin-top:2px;margin-bottom:5px; margin-left:0px;"> 
												<t t-if="o.partner_id.parent_id">
														<span t-field="o.partner_id.parent_id"/>, <span t-if="o.partner_id.title" t-field="o.partner_id.title"/> <span t-field="o.partner_id.name"/>
												</t>
												<t t-if="not o.partner_id.parent_id">
														<span t-if="o.partner_id.title" t-field="o.partner_id.title"/> <span t-field="o.partner_id"/>
												</t>

										</div>
										<address t-field="o.partner_id" style="margin-bottom:0px;" 
												t-options='{"widget": "contact", "fields": ["address", "phone",  "email", "website"]}'/>
										<span t-if="o.partner_id.vat">VAT: <span t-field="o.partner_id.vat"/></span>

								</div>
								<div class="col-6 float-left" style="padding:8px;"/>
								<div class="col-6 float-left text-left" style="border: 1px solid; page-break-inside: avoid !important; padding:15px;">
										<strong t-attf-style="font-size:{{style.body_font+6}}px;"><span class="fa fa-truck"/> Shipping address:</strong>
										<div t-if="o.dest_address_id">
												<div t-field="o.dest_address_id" style="margin-bottom:0px;"
														t-options='{"widget": "contact", "fields": ["address", "name", "phone",  "website", "email"]}'/>
										</div>

										<div t-if="not o.dest_address_id and o.picking_type_id and o.picking_type_id.warehouse_id">
												<span t-field="o.picking_type_id.warehouse_id.name"/>
												<div t-field="o.picking_type_id.warehouse_id.partner_id" t-options='{"widget": "contact", "fields": 
														["address", "phone",  "email", "website"]}'/>
										</div>

								</div>
								<div class="col-12 float-right" style="padding:8px;"/>
								<!-- DATA-->
								<t t-call="professional_templates.rfq_lines"/>
								<!--/DATA-->

						</div><!--End of PAGE-->
						<!--FOOTER -->
						<div class="footer" t-attf-style="font-size:{{style.footer_font}}px !important;font-family:{{style.font_family}} !important;">
								<t t-call="professional_templates.company_footer"/>
						</div>
						<!--/FOOTER-->

				</template>
		</data>
</openerp>
